question,base_model_response,qlora_model_response
"
바샤는 현재 렌터카 업체에 있으며 영화관에 가려고 합니다. 그가 예매한 영화는 t분 후에 시작합니다. 렌터카 업체에서 영화관까지는 직선 도로이며 길이는 s입니다. 렌터카 업체를 0, 영화관을 s라고 하는 좌표계를 설정해 보겠습니다.

도로에는 k개의 주유소가 있으며, 각 주유소에서는 차량에 원하는 만큼 연료를 무료로 주유할 수 있습니다! 주유는 시간이 걸리지 않고 즉시 이루어진다고 가정합니다.

렌터카 업체에는 n대의 차량이 있으며, i번째 차량은 각각 ci와 vi라는 두 정수로 표시됩니다. ci는 해당 차량의 렌터카 가격이고 vi는 연료 탱크 용량(리터)입니다. 연료 탱크 용량 vi를 초과하여 주유하는 것은 허용되지 않습니다. 모든 차량은 렌터카 업체에서 연료가 가득 채워진 상태로 제공됩니다.

각 차량은 일반 모드와 가속 모드, 두 가지 속도 모드 중 하나로 주행할 수 있습니다. 일반 모드에서 자동차는 1km를 2분 만에 주유하고 1리터의 연료를 소모합니다. 가속 모드에서는 1km를 1분 만에 주유하지만 2리터의 연료를 소모합니다. 주행 모드는 언제든지 원하는 만큼 변경할 수 있습니다.

당신의 목표는 바샤가 영화 시작 시간 t분 이내에 영화관에 도착할 수 있도록 가장 저렴한 가격의 자동차를 선택하는 것입니다. 모든 자동차는 처음에는 연료가 가득 차 있다고 가정합니다.

입력

첫 번째 줄에는 네 개의 양의 정수 n, k, s, t(1 ≤ n ≤ 2·10⁵, 1 ≤ k ≤ 2·10⁵, 2 ≤ s ≤ 10⁹, 1 ≤ t ≤ 2·10⁹)가 주어집니다. n, k, s는 렌터카 업체에 있는 자동차 수, k는 도로상의 주유소 수, s는 도로의 길이, t는 영화 시작 시간입니다.

다음 n개 줄 각각에는 i번째 자동차의 가격과 연료 탱크 용량을 나타내는 두 개의 양의 정수 ci와 vi (1 ≤ ci, vi ≤ 10⁹)가 주어집니다.

다음 줄에는 도로상의 주유소 위치를 나타내는 서로 다른 k개의 정수 g₁, g₂, ..., gk (1 ≤ g₁ ≤ g₂ - 1)가 임의의 순서로 주어집니다.

출력

영화 시작 전(늦어도 t분 이내)에 바샤가 영화관에 도착할 수 있는 최소 자동차 대여 가격을 출력합니다. 적합한 자동차가 없는 경우 -1을 출력합니다.

예시

입력

3 1 8 10
10 8
5 7
11 9
3

출력

10

입력

2 2 10 18
10 4
20 6
5 3

출력

20

참고

첫 번째 예시에서 바샤는 첫 번째 차와 세 번째 차 중 어느 차를 이용하든 제시간에 영화관에 도착할 수 있지만, 첫 번째 차를 선택하는 것이 더 저렴합니다. 첫 번째 차의 가격은 10이고, 연료 탱크 용량은 8리터입니다. 바샤는 가속 모드로 3분 동안 첫 번째 주유소까지 이동하며 6리터의 연료를 소모합니다. 그 후 연료 탱크를 가득 채우고 일반 모드로 4분 동안 2km를 이동하며 2리터의 연료를 소모합니다. 마지막으로 가속 모드로 나머지 3km를 3분 동안 이동하며 6리터의 연료를 소모합니다.","<think>
Okay, let's try to understand this problem step by step.

So, the problem is about choosing the cheapest car that can reach the cinema within t minutes. The car starts at position 0, needs to get to position s (the cinema) within t minutes. There are k gas stations along the way, each at given positions. Each car has a price ci and a fuel tank capacity vi. The car starts with a full tank.

The car can drive in two modes: normal mode and acceleration mode. In normal mode, it takes 2 minutes per km and consumes 1 liter per km. In acceleration mode, it takes 1 minute per km but consumes 2 liters per km. The mode can be switched at any time.

The key here is to figure out for each car whether it's possible to reach the cinema in time t, considering the gas stations where you can refuel for free (up to the tank capacity). The goal is to find the minimum ci among all cars that can make it.

First, I need to model the problem. Let's think about the constraints.

The main challenge is to check for each car if it can reach s within t minutes, considering the gas stations. Since the gas stations are at specific positions (given as g1, g2, ..., gk), we need to see if the car can refuel at those stations to cover the distance.

Wait, but the problem says that the gas stations are on the road, and you can refuel there for free (any amount up to the tank capacity). So the idea is that between gas stations, the car needs to have enough fuel to reach the next station (or the end), and when it arrives at a station, it can refuel to full (up to vi liters).

But the problem states that the car starts with a full tank (vi liters). So the initial fuel is vi.

Wait, but the problem says ""모든 차량은 처음에는 연료가 가득 채워진 상태로 제공됩니다."" So each car starts with a full tank (vi liters).

So for each car, we need to check if it's possible to reach s within t minutes, using the gas stations to refuel.

The problem is similar to the classic ""gas station"" problem where you have to check if you can reach the end with refueling at certain points.

But here, the time and fuel consumption depend on the mode chosen.

Hmm, this is a bit more complex because the time and fuel consumption per km depend on the mode.

Let me try to model the movement.

For a given car with tank capacity v, we need to see if it can cover the distance s in time t.

The car can switch modes at any time, so the optimal strategy would be to use the mode that minimizes time for each segment between gas stations.

Wait, but the problem is that the time and fuel consumption per km depend on the mode. So for each segment between two gas stations (or start to first station, or last station to end), the car needs to choose a mode that allows it to cover the distance without running out of fuel, while minimizing the time.

But since the gas stations allow refueling to full tank (up to v), the problem reduces to checking if the car can cover each segment between consecutive gas stations (or start to first, last to end) without needing more than v liters of fuel.

Wait, but the fuel consumption depends on the mode. So for each segment, the car can choose the mode that gives the least time (since the goal is to reach in time t), but also the fuel consumed must not exceed the tank capacity.

Wait, but the problem states that the car can refuel at the gas stations for free (any amount up to the tank capacity). So when the car arrives at a gas station, it can refuel to full (v liters), so the next segment can be covered with up to v liters.

But the key is that for each segment between two gas stations (or start to first, last to end), the car must have enough fuel to cover that segment, considering the mode.

But since the car can switch modes, the optimal way to cover a segment of length d is to choose the mode that minimizes the time for that segment, while ensuring that the fuel consumed does not exceed the tank capacity (v).

Wait, but the fuel consumed depends on the mode. For a segment of length d:

In normal mode: time = 2d, fuel = d.

In acceleration mode: time = d, fuel = 2d.

But the car can switch modes during the segment. However, the problem states that the mode can be changed at any time. So for a given segment, the car can choose to drive in one mode for part of it and another for the rest. But the goal is to minimize the time for that segment, while ensuring that the fuel consumed does not exceed the tank capacity (v).

Wait, but the problem says that the","## Problem Understanding

        There are n cars with price ci and tank capacity vi. The road from 0 to s has k gas stations at given positions. Each car starts with a full tank. You can choose any car and drive in either normal mode (1km takes 2 minutes, 1L fuel consumed) or acceleration mode (1km takes 1 minute, 2L fuel consumed). You can switch modes arbitrarily. You must reach position s within t minutes. Find the minimum price among cars that can reach s in time. If none can, output -1.

        ## Algorithm Selection

        Greedy, Binary Search, Array, Sorting

        ## Selection Reason

        The problem reduces to checking for each car whether it can reach s within t minutes. For a fixed car with tank capacity v, the maximum distance it can cover is limited by the number of gas stations and the tank capacity. The optimal strategy is to use acceleration mode as much as possible to minimize time, but the number of times you can switch modes is constrained by the tank capacity and the distances between stations. This can be modeled by a greedy simulation over the gas stations. For each car, we can binary search on the maximum allowed time to find the minimal time required, and then check feasibility. Sorting gas stations and using prefix sums of distances allows efficient simulation. A naive simulation for each car would be too slow, so binary search + greedy simulation is efficient.

        ## Implementation Plan

        1. Sort the k gas station positions in increasing order and compute prefix sums of distances from 0 to each station. 2. For each car (ci, vi), determine the maximum time it can spend on the road (t_max = t) and find the minimal time required to reach s by binary searching on time. 3. For a given time limit T, simulate the car's journey greedily: start at position 0 with full tank and time remaining = T. For each segment between stations (or to s), compute the maximum distance that can be covered with the remaining time and tank capacity. Use the optimal mode choice (acceleration when possible) to minimize time while not exceeding the tank capacity. 4. If the simulation reaches s within time T, the car is feasible. 5. Track the minimum price among feasible cars. 6. If no car is feasible, output -1. 7. Use 64-bit integers to avoid overflow and handle large values of s and t."
"
태양은 거대한 천체입니다. 태양은 여러 종교에서 숭배됩니다. 밥은 태양을 좋아하고 태양과 비슷한 모든 물체를 좋아합니다. 그는 특정 그래프에서 태양의 모양을 찾을 수 있다는 것을 발견했습니다. 그는 그러한 그래프를 ""써니(Sunny)""라고 부릅니다.

우리는 ""써니""라는 속성을 수학적으로 정의합니다. 꼭짓점 v ∈ V를 갖는 그래프 G=(V,E)에서, 부분 그래프 G'=(V,E'), E' ∈ E가 다음 두 가지 속성을 만족할 때 ""써니""라고 합니다. (꼭짓점 집합은 반드시 같아야 합니다.)

1. v를 포함하는 연결 요소는 세 개 이상의 꼭짓점으로 이루어진 사이클입니다.

2. 다른 모든 연결 요소는 정확히 두 개의 꼭짓점을 가집니다.

다음 그림은 위의 속성을 만족하는 부분 그래프 G'=(V,E')의 예입니다.

<이미지>

간단한 그래프 G=(V,E)가 주어졌습니다. (각 간선의 양 끝점은 서로 다릅니다. 모든 정점 쌍은 하나의 간선만 가지거나 간선이 없습니다.) 이 그래프에서 정점 1이 ""맑음(Sunny)""인지 아닌지를 판별하는 프로그램을 작성하세요.

입력

첫 번째 줄에는 정수 N(홀수, 1 ≤ N ≤ 200)과 M(0 ≤ M ≤ 20,000)이 공백 하나로 구분되어 주어집니다. N은 정점의 개수이고, M은 간선의 개수입니다.

다음 M줄에는 간선에 대한 설명이 주어집니다. 각 줄에는 정수 v_i와 u_i(1 ≤ u_i, v_i ≤ N)가 주어집니다. (u_i, v_i)는 두 정점 u_i와 v_i를 연결하는 간선을 나타냅니다. u_i와 v_i는 서로 다르며, 모든 쌍 (u_i, v_i)는 서로 다릅니다.

출력

그래프가 ""맑음""이면 ""Yes""를 출력하고, 그렇지 않으면 ""No""를 출력합니다.

예시

입력

5 5
1 2
2 3
3 4
4 5
1 3

출력

Yes

입력

5 5
1 2
2 3
3 4
4 5
1 4

출력

No","<think>
Okay, let's try to understand this problem step by step. So, the task is to determine if a given graph is ""Sunny"" with respect to vertex 1. Wait, no—the problem says: ""이 그래프에서 정점 1이 '맑음(Sunny)'인지 아닌지를 판별하는 프로그램을 작성하세요."" So it's about checking if the graph has the Sunny property for vertex 1. Wait, but the definition says that a Sunny subgraph G' must have the same vertex set as the original graph? Wait, no, the problem says: ""부분 그래프 G'=(V,E')에서, ..."". Wait, the original graph is G=(V,E), and we need to check if there exists a subgraph G' (with the same vertex set V) that satisfies the two properties. But the problem states: ""정점 1이 '맑음(Sunny)'인지"" — so it's about vertex 1 being Sunny. Wait, maybe the problem is that the graph must have vertex 1 as part of the cycle with at least three vertices, and all other connected components (in the subgraph) are exactly two vertices. Wait, but the problem says: ""정점 1이 '맑음(Sunny)'인지"" — so the entire graph must satisfy the Sunny property, and we need to check if vertex 1 is part of the cycle (the first condition) and the rest of the graph is as per the second condition.

Wait, the problem statement says: ""그는 그러한 그래프를 '써니(Sunny)'라고 부릅니다."" So the graph G' is called Sunny if it satisfies those two properties. But the problem says: ""이 그래프에서 정점 ัง 1이 '맑음(Sunny)'인지"" — so the question is whether the graph (the entire graph) is Sunny, with the condition that vertex 1 is part of the cycle (the first condition). Wait, no. Let me re-read.

The problem says: ""정점 1이 '맑음(Sunny)'인지"" — so the graph is Sunny with respect to vertex 1. Wait, but the definition of Sunny is for the subgraph G' (which has the same vertex set as the original graph). Wait, the problem says: ""다음 그림은 위의 속성을 만족하는 부분 그래프 G'=(V,E')의 예입니다."" So the example is a subgraph that's Sunny. But the input is a graph G=(V,E), and we need to check if the graph (the entire graph) is Sunny, but with the condition that vertex 1 is part of the cycle (the first condition). Wait, no. Wait, the problem says: ""정점 1이 '맑음(Sunny)'인지"" — so the graph is Sunny, and vertex 1 is the one that's part of the cycle. Wait, the problem's definition says that the Sunny subgraph must have the property that the connected component containing v (the vertex in question) is a cycle of at least three vertices, and all other connected components are exactly two vertices.

Wait, the problem statement says: ""부분 그래프 G'=(V,E')에서, ... (꼭짓점 집합은 반드시 같아야 합니다.)"" So the subgraph G' has the same vertex set as the original graph. So the entire graph must be partitioned into one connected component that is a cycle of size ≥3 (containing vertex 1) and all other connected components are exactly two vertices.

Wait, the problem says: ""정점 1이 '맑음(Sunny)'인지"" — so the graph is Sunny if when you look at the subgraph (which is the entire graph), the connected component containing vertex 1 is a cycle of size ≥3, and all other connected components (in the graph) are exactly two vertices.

Wait, but the problem says: ""다음 그림은 위의 속성을 만족하는 부분 그래프 G'=(V,E')의 예입니다."" So the example is a graph where the entire graph is a Sunny subgraph.

So the task is: given a graph G with N vertices (odd number, 1 ≤ N ≤ 200) and M edges (0 ≤ M ≤ 20,000), check if the graph is Sunny. But the problem says ""정점 1이 '맑음(Sunny)'인지"" — so the graph must have vertex 1 as part of the cycle (the first condition), and all other connected components (in the graph) are exactly two vertices.

Wait, the problem's definition says that the Sunny subgraph G' must have the property that the connected component containing v (the vertex in the problem's context) is a cycle of size ≥3, and all other connected components are exactly two vertices. But in the problem statement,","## Problem Understanding

        You are given an undirected simple graph with N vertices (odd) and M edges. A graph is ""sunny"" if there exists a vertex v such that: (1) the connected component containing v has at least three vertices and is a cycle, and (2) every other connected component has exactly two vertices. Determine if the graph is sunny.

        ## Algorithm Selection

        Graph, DFS, BFS, Cycle Detection, Component Size

        ## Selection Reason

        We need to check connectivity and component sizes. A DFS/BFS can find connected components and detect cycles (by tracking parent and visited status). Since N is small (≤200), a simple DFS/BFS is efficient. We must verify that exactly one component is a cycle of size ≥3 and all other components are edges (size 2).

        ## Implementation Plan

        1. Build the adjacency list from the input. 2. Run DFS/BFS to find connected components and record their sizes. 3. For each component, check if it is a cycle: size ≥3 and every vertex has degree 2 within the component (or equivalently, the component is a simple cycle). 4. Count how many components are cycles and how many are edges (size 2). 5. The graph is sunny if and only if exactly one component is a cycle of size ≥3 and all other components are edges (size 2). 6. Output ""Yes"" or ""No"" accordingly."
"
문제

JOI는 물리, 화학, 생물, 지구과학, 역사, 지리 등 6개 과목을 수강했습니다. 각 시험은 100점 만점입니다.

JOI는 물리, 화학, 생물, 지구과학 중 4과목에서 3과목을 선택하고, 역사와 지리 중 2과목에서 1과목을 선택합니다.

총점이 가장 높은 과목을 선택했을 때, JOI가 선택한 과목의 총점을 구하세요.

입력

입력은 각 줄에 하나의 정수가 있는 6줄로 구성됩니다.

첫 번째 줄에는 JOI의 물리 시험 점수 A가 주어집니다.

두 번째 줄에는 JOI의 화학 시험 점수 B가 주어집니다.

세 번째 줄에는 JOI의 생물 시험 점수 C가 주어집니다.

네 번째 줄에는 JOI의 지구과학 시험 점수 D가 주어집니다.

다섯 번째 줄에는 JOI의 역사 시험 점수 E가 주어집니다.

6번째 줄에는 JOI의 지리 시험 점수 F가 적혀 있습니다.

입력된 정수 A, B, C, D, E, F는 모두 0 이상 100 이하입니다.

출력

JOI: 선택한 과목의 시험 총점을 한 줄에 출력하세요.

입력/출력 예시

입력 예시 1

100
34
76
42
0
0

출력 예시 1

228

입력 예시 2

15
21
15
42
15
62

출력 예시 2

140

입력/출력 예시 1에서 JOI가 물리, 생물, 지구과학, 역사 네 과목을 선택했을 때 시험 총점이 가장 높습니다.

물리, 생물, 지구과학, 역사 과목의 점수는 각각 100점, 76점, 42점, 10점이므로, 선택한 과목 시험의 총점은 228점입니다.

입출력 예시 2에서 JOI가 화학, 생물, 지구과학, 지리학 네 과목을 선택했을 때 시험 총점이 가장 높습니다.

화학, 생물, 지구과학, 지리 과목의 점수는 각각 21점, 15점, 42점, 62점이므로 선택한 과목의 총점은 140점입니다.

입출력 예시 2에서처럼 JOI가 물리, 화학, 지구과학, 지리 네 과목을 선택하더라도 선택한 과목의 총점은 140점입니다.

크리에이티브 커먼즈 라이선스

일본 정보 올림픽 위원회 저작물 ""제15회 일본 정보 올림픽 JOI 2015/2016 예선 과제""

예시

입력

100
34
76
42
10
0

출력

228","<think>
Okay, let's try to understand this problem. So, JOI is taking six subjects: physics (A), chemistry (B), biology (C), earth science (D), history (E), and geography (F). Each is out of 100.

The problem says that JOI selects 3 out of the first four subjects (physics, chemistry, biology, earth science) and 1 out of the last two (history and geography). Then, they want the total score of the selected subjects, which is the highest possible total.

Wait, no. Wait, the problem says: ""총점이 가장 높은 과목을 선택했을 때"" which translates to ""when selecting the subject with the highest total score"". Hmm, maybe I need to re-read.

Wait, the problem says: ""JOI는 물리, 화학, 생물, 지구과학 중 4과목에서 3과목을 선택하고, 역사와 지리 중 2과목에서 1과목을 선택합니다."" So, from the first four subjects (4 subjects), choose 3. From the last two (history and geography), choose 1.

Then, the total score is the sum of the selected four subjects (3 from first group, 1 from second group). But the problem says: ""총점이 가장 높은 과목을 선택했을 때"" — wait, maybe the translation is a bit off. Wait, the problem says: ""JOI가 선택한 과목의 총점을 구하세요."" So, the total score of the selected subjects.

Wait, the examples: In example 1, input is 100,34,76,42,0,0. The output is 228. The explanation says they selected physics (100), biology (76), earth science (42), history (0). Wait, but history is 0 here. Wait, the example says ""물리, 생물, 지구과학, 역사"" which are physics, biology, earth science, history. So 100 +76 +42 +0 = 218? Wait, but the output is 228. Wait, maybe I'm misunderstanding.

Wait, the input example 1 is:

100 (A)
34 (B)
76 (C)
42 (D)
0 (E)
0 (F)

The output is 228. The explanation says: ""물리, 생물, 지구과학, 역사"" — physics (100), biology (76), earth science (42), history (0). So 100 +76 +42 +0 = 218? But the output is 228. Hmm, that's a problem.

Wait, maybe the example explanation has a typo. Wait, the problem statement says: ""입력 예시 1에서 JOI가 물리, 생물, 지구과학, 역사 네 과목을 선택했을 때 시험 총점이 가장 높습니다."" So the four subjects selected are physics (A), biology (C), earth science (D), history (E). So 100 +76 +42 +0 = 218. But the output is 228. Wait, that's a discrepancy.

Wait, maybe the example input is different. Let me check again.

Wait, the problem says: ""입력 예시 1

100
34
76
42
0
0""

So A=100, B=34, C=76, D=42, E=0, F=0.

The explanation says: ""물리, 생물, 지구과학, 역사"" — physics (A), biology (C), earth science (D), history (E). So 100 +76 +42 +0 = 218. But the output is 228. Hmm, that's a problem.

Wait, maybe the example explanation is wrong. Wait, the problem statement says: ""입력/출력 예시 1에서 JOI가 물리, 생물, 지구과학, 역사 네 과목을 선택했을 때 시험 총점이 가장 높습니다."" So the total is 228. So perhaps the example input is different.

Wait, maybe the example input is:

100
34
76
42
10
0

Wait, the problem statement says: ""예시"" section shows input as 100,34,76,42,10,0 and output 228.

Ah, yes, in the problem statement's ""예시"" section","## Problem Understanding

        You have six scores: A (Physics), B (Chemistry), C (Biology), D (Earth Science), E (History), F (Geography). You must choose exactly four subjects from Physics, Chemistry, Biology, Earth Science and exactly one subject from History and Geography. The chosen four subjects' scores are summed. Find the maximum possible sum over all valid choices.

        ## Algorithm Selection

        Greedy, Sorting

        ## Selection Reason

        The sum is the sum of four scores from the first four plus one score from the last two. To maximize the sum, we should take the largest possible score from the last two and the largest four scores from the first four. Sorting the first four scores and taking the top four is optimal. This is a simple greedy selection and does not require complex data structures or algorithms.

        ## Implementation Plan

        - Read the six scores A, B, C, D, E, F.
- Sort the first four scores (A, B, C, D) in non-decreasing order.
- Sum the largest four scores from the first four (i.e., the last four in the sorted list).
- Take the larger of E and F.
- Add this larger score to the sum of the top four.
- Print the final sum."
"
누구나 알다시피 행운의 숫자는 십진수로 나타냈을 때 4와 7만 포함하는 양의 정수입니다. 예를 들어, 47, 744, 4는 행운의 숫자이고 5, 17, 467은 행운의 숫자가 아닙니다.

펭귄 폴로는 두 개의 양의 정수 l과 r(l < r)을 가지고 있는데, 둘 다 행운의 숫자입니다. 게다가 두 숫자의 길이(즉, 0을 제외한 십진수의 자릿수)는 같습니다.

서로 다른 행운의 숫자의 개수를 n이라고 하고, 각 행운의 숫자는 r보다 크거나 l보다 작을 수 없으며, ai는 i번째 행운의 숫자(오름차순)라고 합시다. a1·a2 + a2·a3 + ... + an - 1·an을 구하세요. 답이 상당히 클 수 있으므로, 1000000007(10⁹ + 7)로 나눈 나머지를 출력하세요.

입력

첫 번째 줄에는 양의 정수 l이, 두 번째 줄에는 양의 정수 r이 주어집니다 (1 ≤ l < r ≤ 10100000). 숫자 앞에 0이 붙지 않습니다.

두 숫자의 길이는 같고, 둘 다 행운의 숫자라는 것이 보장됩니다.

출력

한 줄에 문제의 결과를 1000000007(10⁹ + 7)로 나눈 나머지 값을 출력합니다.

예시

입력

4
7

출력

28

입력

474
777

출력

2316330","<think>
Okay, let's try to understand this problem step by step.

First, the problem says that a lucky number is a positive integer that, when written in decimal, contains only the digits 4 and 7. So numbers like 4, 7, 47, 74, 44, 77, 444, etc., are lucky numbers. Numbers with other digits (like 5, 17, 467) are not.

We are given two lucky numbers l and r (with l < r), and they have the same number of digits (no leading zeros, as per the input description). We need to find all lucky numbers between l and r (inclusive?), wait, the problem says ""각 행운의 숫자는 r보다 크거나 l보다 작을 수 없으며"" which translates to ""each lucky number is not greater than r and not less than l"". So the numbers we consider are all lucky numbers a_i such that l ≤ a_i ≤ r. Wait, but the problem says ""서로 다른 행운의 숫자의 개수를 n이라고 하고, 각 행운의 숫자는 r보다 크거나 l보다 작을 수 없으며, ai는 i번째 행운의 숫자(오름차순)라고 합시다."" So the a_i are the lucky numbers in increasing order between l and r (inclusive?).

Wait, the problem states: ""두 숫자의 길이(즉, 0을 제외한 십진수의 자릿수)는 같습니다."" So l and r have the same number of digits. For example, in the first sample input: l=4, r=7. Wait, but 4 and 7 are single-digit numbers. Wait, but the problem says ""두 숫자의 길이는 같고, 둘 다 행운의 숫자라는 것이 보장됩니다."" So in the first sample, l=4 (1 digit), r=7 (1 digit). The lucky numbers between them (inclusive) are 4,7. Wait, but the problem says ""a1·a2 + a2·a3 + ... + an-1·an"". For n=2 (since 4 and 7 are the two numbers), the sum is a1*a2 = 4*7 = 28, which matches the sample output.

Wait, but in the problem statement, the input is two lines: first line l, second line r. So for the first sample input, l=4, r=7. The lucky numbers between l and r (inclusive) are 4 and 7. So n=2, sum is 4*7=28.

Another sample: input 474 and 777. The output is 2316330.

So the task is: generate all lucky numbers with the same number of digits as l and r (since they have same length), that are between l and r (inclusive), sort them in increasing order, then compute the sum of products of consecutive numbers (a1*a2 + a2*a3 + ... + a_{n-1}*a_n), modulo 1e9+7.

Wait, but the problem says ""각 행운의 숫자는 r보다 크거나 l보다 작을 수 없으며"" which translates to ""each lucky number is not greater than r and not less than l"". So the numbers we consider are all lucky numbers in [l, r].

But since l and r are lucky numbers themselves (as per the problem statement: ""두 개의 양의 정수 l과 r(l < r)을 가지고 있는데, 둘 다 행운의 숫자입니다."") So the numbers we need to consider are all lucky numbers with the same number of digits as l and r (since they have same length), that are between l and r (inclusive).

Wait, but the problem says ""두 숫자의 길이는 같고, 둘 다 행운의 숫자라는 것이 보장됩니다."" So l and r have the same number of digits (so same length), and both are lucky numbers.

So the problem is: given l and r (same length, both lucky), find all lucky numbers with that length that are between l and r (inclusive), sort them in increasing order, then compute the sum of consecutive products.

For example, in the first sample, l=4, r=7 (both 1-digit). The lucky numbers in [4,7] are 4,7. So n=2, sum is 4*7=28.

Another example: if l=44, r=77 (both 2-digit). The lucky numbers in this range are 44,47,74,77. Wait, but 44 is 44, 47","## Problem Understanding

        You are given two lucky numbers l and r with the same number of digits. List all lucky numbers in increasing order: a1, a2, ..., an. Compute the sum S = a1·a2 + a2·a3 + ... + an−1·an modulo 1e9+7. Input is two strings of digits (no leading zeros), both lucky and same length.

        ## Algorithm Selection

        Digit DP, Dynamic Programming, Modular Arithmetic, String Processing

        ## Selection Reason

        The numbers can be up to 10^100000, so they must be processed as strings. We need to count how many lucky numbers exist in [l, r] and also compute the sum of products of consecutive lucky numbers. A digit DP that builds numbers digit by digit while respecting the lower bound l and upper bound r can count valid numbers and accumulate the required sum. Modular arithmetic is needed for large results. Naive enumeration is impossible due to the huge range.

        ## Implementation Plan

        1) Convert l and r to arrays of digits. 2) Use a digit DP that traverses positions from left to right while keeping track of: - tight lower bound (whether prefix equals l's prefix), - tight upper bound (whether prefix equals r's prefix), - whether the number is already greater than l (to allow leading digits larger than l's), - whether the number is already less than r (to allow leading digits smaller than r's). 3) For each state, maintain two values: count (number of valid lucky numbers in the remaining positions) and sum (sum of products of consecutive lucky numbers formed so far). 4) When a digit is chosen, update the state and accumulate contributions: - If the current number is already greater than l, then the next number will be greater than l, so the product term for the next step is added to sum. - If the current number is already less than r, then the next number will be less than r, so the product term is added. 5) Use DP transitions that consider all valid digits (only 4 and 7) and update count and sum accordingly. 6) After processing all positions, the DP returns the total sum modulo 1e9+7. 7) Handle large numbers by using modular arithmetic throughout and ensure the DP correctly accounts for the product terms."
"
N개의 서로 다른 요소(A1 * A2 * ..... * An)로 이루어진 표현식을 평가할 때, Chef는 두 요소씩 괄호로 묶어서 평가하는 방법이 몇 가지인지 알고 싶어 합니다.

입력
첫 번째 줄에는 테스트 케이스의 개수를 나타내는 정수 T가 주어집니다. 각 테스트 케이스에 대해 서로 다른 N개의 요소로 구성된 문자열(예: xyz, qwerty 등)을 입력하세요.

출력
각 테스트 케이스에 대해 주어진 표현식을 평가할 수 있는 방법의 수를 한 줄에 출력합니다.

제약 조건

1 ≤ T ≤ 50
1 ≤ N ≤ 34

예시
입력:
2
ghjk
ab
출력:
5
1

설명
케이스 1: 표현식 ghjk는 5가지 방법으로 평가할 수 있습니다. 즉, ((gh)j)k), (g(h(jk)), (g((hj)k)), ((g(hj))k) 및 ((gh)(jk))입니다.
케이스 2: 표현식 ab는 한 가지 방법으로만 평가할 수 있습니다. 즉, (ab)입니다.","<think>
Okay, let's try to figure out this problem. So, the question is about how many ways Chef can evaluate an expression with N distinct elements by always grouping two elements at a time with parentheses. The examples given are like ""ghjk"" which has 5 ways, and ""ab"" has 1 way.

Hmm, I remember something about Catalan numbers. Wait, Catalan numbers count the number of ways to parenthesize expressions. Let me think. For example, with n elements, the number of ways to parenthesize them is the (n-1)th Catalan number. Wait, for n=2, it's 1, which matches the example. For n=3, it's 2? Wait, no, the example says for 4 elements (ghjk), it's 5. Let me check.

Wait, the Catalan numbers start with C0=1, C1=1, C2=2, C3=5, C4=14. Oh, right! So for n elements, the number of parenthesizations is the (n-1)th Catalan number. Wait, for n=2 (ab), it's 1, which is C1=1. For n=4 (ghjk), it's 5, which is C3=5. So yes, the formula here is the (n-1)th Catalan number.

Wait, let's confirm. The Catalan number C_k is the number of ways to parenthesize k+1 elements. So for example, when you have 2 elements (k=1), it's C1=1. For 3 elements (k=2), it's C2=2. Wait, but in the problem statement, the input is a string of N elements, like ""ghjk"" has N=4. The example says 5 ways, which is C3=5. So the pattern is that for N elements, the number of ways is the (N-1)th Catalan number.

Yes, because the Catalan numbers count the number of full binary trees with N leaves, which corresponds to the parenthesizations. For N elements, you need N-1 operations (since each operation combines two elements), so the number of ways is the (N-1)th Catalan number.

So the problem reduces to computing the (N-1)th Catalan number for each test case.

Wait, let's check the examples. For N=2 (ab), the answer is 1. Catalan number C1 is 1. For N=4 (ghjk), answer is 5, which is C3=5. So yes, the formula is C_{N-1}.

So the task is, given T test cases, each with N (the length of the string), output the (N-1)th Catalan number.

But wait, the problem says ""N개의 서로 다른 요소"" so the input is a string of length N. For each test case, we have to output the number of ways, which is the (N-1)th Catalan number.

So the problem is to compute Catalan numbers up to N=34 (since N can be up to 34). Wait, the constraints say N is up to 34, so the maximum Catalan number we need is C33 (since N-1 can be up to 33).

Wait, the Catalan numbers can be calculated using the formula C_n = (1/(n+1)) * (2n choose n). But for n up to 33, we can precompute them using dynamic programming.

Alternatively, since the maximum N is 34, the maximum index we need is 33 (since for N=34, it's C33).

So the plan is: precompute Catalan numbers from 0 to 33 (since N can be up to 34, so N-1 up to 33).

Wait, let's see: for N=1, the problem says N ≥1, but the example starts from N=2. Wait, the problem states 1 ≤ N ≤34. So for N=1, the number of ways would be 1? But the problem says ""two elements at a time"", so for N=1, there's no way to evaluate, but the problem says N ≥1. Wait, the problem says ""N개의 서로 다른 요소"", so for N=1, the expression is just a single element, so there's 1 way (no operations needed). But according to the problem statement, the input is a string of N elements, so for N=1, the output would be 1? But the problem's examples start from N=2.

Wait, the problem says ""두 요소씩 괄호로 묶어서 평가하는 방법이 몇 가지인지"". So for N=1, you can't do any operations,","## Problem Understanding

        Given a string of N distinct characters, count how many ways you can fully parenthesize the expression by repeatedly combining two adjacent subexpressions. Each combination corresponds to inserting a pair of parentheses around two adjacent parenthesized subexpressions. The answer is the Catalan number C_{N-1}.

        ## Algorithm Selection

        Catalan Numbers, Combinatorics

        ## Selection Reason

        This is a classic combinatorial problem: the number of full parenthesizations of N distinct factors is the (N-1)th Catalan number. Catalan numbers can be computed directly using a closed-form formula or a recurrence. Using a closed-form formula avoids recursion depth issues and is efficient for N up to 34.

        ## Implementation Plan

        1) For each test case, read N. 2) Compute the (N-1)th Catalan number using the closed-form formula C_{n} = (1/(n+1)) * binom(2n, n). 3) Precompute binomial coefficients up to 68 (since 2*34=68) using Pascal's triangle or factorials to avoid overflow. 4) Output the computed Catalan number for each test case."
"
바샤의 생일이 다가오는데, 엄마가 그에게 길이가 n인 양의 정수 배열 a를 선물하기로 했습니다.

바샤는 배열의 아름다움은 모든 요소의 최대공약수라고 생각합니다. 엄마는 당연히 가능한 한 가장 아름다운 배열(최대한 아름다운 배열)을 선물하고 싶어 합니다. 하지만 가게에는 배열 a가 하나밖에 남지 않았습니다. 다행히 판매자는 배열의 일부 숫자를 (각 숫자당 최대 k까지) 줄일 수 있다고 했습니다.

판매자는 다음 조건을 만족하면 배열 a에서 배열 b를 만들 수 있습니다: bi > 0; 0 ≤ ai - bi ≤ k (모든 1 ≤ i ≤ n).

엄마가 바샤에게 줄 배열의 최대 아름다움(판매자가 만들 수 있는 최대 아름다움)을 찾도록 도와주세요.

입력

첫 번째 줄에는 두 정수 n과 k가 주어집니다 (1 ≤ n ≤ 3·10⁵; 1 ≤ k ≤ 10⁶). 두 번째 줄에는 n개의 정수 ai (1 ≤ ai ≤ 106)가 입력되어 배열 a를 이룹니다.

출력

한 줄에 결과 배열의 최대값이 출력됩니다.

예시

입력

6 1
3 6 10 12 13 16

출력

3

입력

5 3
8 21 52 15 77

출력

7

참고

첫 번째 예시에서는 다음과 같은 배열을 얻을 수 있습니다.

3 6 9 12 12 15

두 번째 예시에서는 다음과 같은 배열을 얻을 수 있습니다.

7 21 49 14 77","<think>
Okay, let's try to understand this problem. So, the problem is about finding the maximum possible ""beauty"" of an array after modifying some elements. The beauty is defined as the greatest common divisor (GCD) of all elements in the array. The constraints are that for each element, we can subtract up to k (so the new value must be at least 1, since bi > 0), and we want the maximum possible GCD.

First, let's restate the problem to make sure I get it. We have an array a of n integers. For each element ai, we can reduce it by some amount between 0 and k (so the new value bi is in [ai - k, ai], but must be at least 1). We need to choose such modifications so that the GCD of all bi is as large as possible.

The goal is to find the maximum possible GCD value.

Hmm. So, for example, in the first sample input: n=6, k=1, array [3,6,10,12,13,16]. The output is 3. Because they can adjust the array to [3,6,9,12,12,15], which has GCD 3.

Wait, but how? Let's see. For each element, we can subtract up to 1. So for 10, we can subtract 1 to get 9. For 13, subtract 1 to get 12. For 16, subtract 1 to get 15. So the array becomes [3,6,9,12,12,15], which all are multiples of 3. So the GCD is 3.

So the problem is to find the largest d such that for each element ai, there exists a value bi in [max(1, ai - k), ai] where bi is divisible by d.

Wait, no. Wait, the GCD of the entire array must be d. So d must divide all the bi's. So for each ai, we need to have some bi (within [ai -k, ai], and >=1) such that d divides bi.

But the maximum possible d is the answer.

So the approach is to find the maximum d where for every element ai in the array, there exists a number x in [ai -k, ai] such that x mod d == 0 and x >=1.

Wait, but since we can choose for each ai the value bi (as long as it's in [ai -k, ai] and >=1), then for each ai, we need that there's at least one multiple of d in that interval.

So for each d, check if for all ai, there's a multiple of d in [max(1, ai -k), ai].

But since d can be up to 1e6 (since ai is up to 1e6, and k is up to 1e6), but n is up to 3e5.

So the brute force approach would be to check all possible d from 1 up to max(a_i) (or maybe up to max(a_i) +k?), but that's too slow.

Wait, but the maximum possible d can't be larger than max(a_i), because the smallest element after modification is at least 1, but the GCD can't be larger than the minimum element. Wait, no. For example, if all elements are modified to be multiples of d, then d can be up to max(a_i) (if k is large enough). But in the first example, the answer is 3.

So the problem is to find the maximum d such that for every ai, there's a multiple of d in [ai -k, ai].

So for each d, we can check if for all ai, the interval [ai -k, ai] contains a multiple of d.

But how to do this efficiently?

The key observation here is that the maximum possible d is at most max(a_i), but perhaps even higher? Wait, no. Because the smallest element after modification is at least 1, but the GCD can't be larger than the minimum element. Wait, but the minimum element after modification could be as small as 1 (if k is large enough), but the GCD would be 1 in that case. However, the problem is to find the maximum possible GCD.

Wait, for example, if d is 5, then for each ai, we need to have a multiple of 5 in [ai -k, ai]. So for each ai, the next lower multiple of 5 (if it's within [ai -k, ai]) or the next higher multiple (but since ai is the upper bound, the next higher multiple would be ai + ... but no, the interval is [ai -k, ai], so the multiple has","## Problem Understanding

        You can decrease any element ai by at most k to get bi. The beauty of an array is the GCD of all elements. Find the maximum possible beauty over all valid arrays. Input: n, k and array a. Output: the maximum achievable GCD.

        ## Algorithm Selection

        Sieve of Eratosthenes, Divisors, Array

        ## Selection Reason

        The answer must be a divisor of at least one ai. For each candidate divisor d, we can check if we can make all elements divisible by d by decreasing each ai to the largest multiple of d ≤ ai. This is equivalent to checking if ai ≤ d * ceil(ai/d) ≤ ai + k for all i. A naive check for each d would be too slow, so we use a sieve to iterate over possible d and use an array to quickly compute ceil(ai/d) for each i. This reduces the complexity to O(n log n).

        ## Implementation Plan

        1) Precompute all divisors of numbers up to max(a) using a sieve. 2) For each candidate divisor d, compute the required decrease for each ai: required[i] = ai - d * floor(ai/d). 3) Track the maximum required[i] over i. 4) If max_required ≤ k, then d is achievable. 5) Track the maximum achievable d. 6) Output the maximum d found. 7) Use an array to compute floor(ai/d) efficiently for each i and d."
"
베로피스(Beroffice) 텍스트 편집기는 텍스트 작업을 도와주는 다양한 기능을 제공합니다. 그중 하나는 오타를 자동으로 검색하고 수정 방법을 제안하는 기능입니다.

베로피스는 소문자 영어 알파벳(a부터 z까지 26개)만 사용합니다. 단어에 자음이 세 개 이상 연속으로 나오면 오타로 간주합니다. 단, 연속된 자음의 길이가 모두 같으면 오타로 간주하지 않습니다. 즉, 자음이 세 개 이상 연속으로 나오고, 그 안에 서로 다른 자음이 두 개 이상 있으면 오타로 판단합니다.

예시:

* 다음 단어들은 오타입니다: ""hellno"", ""hackcerrs"", ""backtothefutttture"";

* 다음 단어에는 오타가 없습니다: ""helllllooooo"", ""tobeornottobe"", ""oooooo"".

Beroffice 편집기는 오타가 있는 단어를 발견하면, 생성된 단어들 각각에 오타가 없도록 최소한의 공백을 삽입하여 여러 단어로 나눕니다.

Beroffice 편집기의 이 기능을 구현하세요. 모음은 'a', 'e', ​​'i', 'o', 'u'만 사용합니다. 나머지 글자는 모두 자음입니다.

입력

한 줄에 소문자로 이루어진 단어가 주어집니다. 단어의 길이는 1자에서 3000자 사이입니다.

출력

오타가 없으면 주어진 단어를 변경 없이 출력합니다.

단어에 오타가 하나 이상 있으면, 생성된 단어들 각각에 오타가 없도록 최소한의 공백을 삽입합니다. 여러 해답이 있는 경우, 그중 하나를 출력하세요.

예시

입력

hellno

출력

hell no

입력

abacaba

출력

abacaba

입력

asdfasdf

출력

asd fasd f","<think>
Okay, let's try to understand this problem step by step. So, the task is to check if a given string (composed of lowercase English letters) has any typos according to Beroffice's rules. If it does, we need to split it into the minimal number of words with spaces such that none of the resulting words have typos. If there are no typos, we just output the original string.

First, I need to clarify what counts as a typo here. The problem says: a word has a typo if there are three or more consecutive consonants, but if all those consonants are the same, it's not a typo. Wait, no—the description says: ""단, 연속된 자음의 길이가 모두 같으면 오타로 간주하지 않습니다."" So, the rule is: if there are three or more consecutive consonants, but if all those consonants are the same, it's not considered a typo. Wait, no, the example says ""hellno"" is a typo. Let's look at the examples.

Wait, the examples given:

- ""hellno"" is a typo. Let's break it down. The letters are h, e, l, l, n, o. Wait, but the problem states that the typo is when there are three or more consecutive consonants, but if the consecutive consonants are all the same, it's not a typo. Wait, but in ""hellno"", the 'l's are consecutive. Let's see: the string is h e l l n o. So after 'e', we have 'l', 'l', 'n', 'o'. Wait, the consecutive consonants here: 'l' is a consonant (since vowels are a, e, i, o, u). So in ""hellno"", the 'l's are two in a row. Wait, but the problem says that three or more consecutive consonants. So maybe the example ""hellno"" is a typo because it has three consecutive consonants? Wait, no. Let me check the examples again.

Wait, the problem says: ""단어에 자음이 세 개 이상 연속으로 나오면 오타로 간주합니다. 단, 연속된 자음의 길이가 모두 같으면 오타로 간ี하지 않습니다."" So the rule is: if there are three or more consecutive consonants (i.e., three or more in a row), then it's a typo, except when all those consonants are the same. Wait, no—the translation says: ""if there are three or more consecutive consonants, but if the length of the consecutive consonants are all the same, it's not considered a typo."" Hmm, maybe the translation is a bit off.

Wait, the original Korean says: ""단, 연속된 자음의 길이가 모두 같으면 오타로 간주하지 않습니다."" So ""the length of the consecutive consonants are all the same"" — but ""length"" here probably refers to the characters themselves. Wait, maybe it's that if the consecutive consonants are all the same character (e.g., 'lll'), then it's not a typo. So the rule is: a typo occurs when there are three or more consecutive consonants (so three or more in a row), but if all those consonants are identical (like 'lll'), then it's not a typo.

Wait, the example says ""hellno"" is a typo. Let's see: h e l l n o. The consonants here are h, l, l, n. So after 'e', we have 'l', 'l', 'n'. Wait, the consecutive consonants here: the 'l's are two in a row. So maybe the example ""hellno"" is a typo because it has three consecutive consonants? Wait, no. Let's check the example inputs.

The problem states:

* 다음 단어들은 오타입니다: ""hellno"", ""hackcerrs"", ""backtothefutttture"";

* 다음 단어에는 오타가 없습니다: ""helllllooooo"", ""tobeornottobe"", ""oooooo"".

Wait, ""helllllooooo"" has no typos. Let's see: h e l l l l l o o o o. So the consonants here are h, l, l, l, l, l. Wait, but the problem says that if the consecutive consonants are all the same, it's not a typo. So in ""helllllooooo"", the 'l's are six in a row. Since they are all the same, it's not a typo. So the rule is: a typo occurs when there are three or more consecutive consonants (so three or more in a row), but if all those consonants are the same, it's not a typo. Wait, no. Wait","## Problem Understanding

        We are given a string of lowercase English letters. A word has a typo if it contains three or more consecutive consonants and among those three or more, there are at least two different consonants. We must split the string into words with no typos by inserting the minimum number of spaces. If the original string has no typos, output it unchanged. If it has typos, output the string with minimal spaces inserted between some characters so that every resulting word has no typos.

        ## Algorithm Selection

        Greedy, String

        ## Selection Reason

        The rule for a typo is local: it depends only on a window of three consecutive characters. A greedy scan from left to right can detect the first violation and insert a space right after the last character before the violation. This ensures minimal splits because inserting a space at the earliest possible position prevents creating a longer consecutive consonant block. A naive backtracking or dynamic programming would be unnecessary and less efficient for long strings.

        ## Implementation Plan

        - Define the set of vowels: {'a', 'e', 'i', 'o', 'u'}.
- Traverse the string from left to right, keeping a window of up to three consecutive characters.
- When you encounter three consecutive consonants and among them there are at least two different consonants, insert a space right after the character before the violation (i.e., after the second consonant in the three).
- Continue scanning and repeat until the entire string is processed.
- If no splits were needed, output the original string; otherwise, output the modified string with inserted spaces."
"
수열 [a1, a2, ..., an]을 생각해 보세요. 이 수열의 접두사 곱 수열 <이미지>를 정의하세요.

이제 n이 주어졌을 때, [1, 2, ..., n]의 순열 중에서 접두사 곱 수열이 [0, 1, ..., n - 1]의 순열이 되는 순열을 찾으세요.

입력

입력 줄에는 정수 n(1 ≤ n ≤ 105)이 하나만 주어집니다.

출력

첫 번째 출력 줄에는 그러한 순열이 존재하면 ""YES""를, 존재하지 않으면 ""NO""를 출력하세요.

해결책이 있는 경우, n개의 줄을 더 출력해야 합니다. i번째 줄에는 정수 ai만 주어집니다. 순열의 각 요소는 n보다 크지 않은 서로 다른 양의 정수여야 합니다.

해결책이 여러 개인 경우, 어떤 것이든 출력할 수 있습니다.

예시

입력

7

출력

예
1
4
3
6
5
2
7

입력

6

출력

아니요

참고

두 번째 예시의 경우, 유효한 시퀀스가 ​​없습니다.","<think>
Okay, let's try to understand this problem. So, the task is to find a permutation of [1, 2, ..., n] such that its prefix product sequence is a permutation of [0, 1, ..., n-1]. Wait, no, the problem says the prefix product sequence is defined as the image shown (but since it's an image, I need to think about what that means).

Wait, the problem says: ""수열 [a1, a2, ..., an]을 생각해 보세요. 이 수열의 접두사 곱 수열 <이미지>를 정의하세요."" So the prefix product sequence is probably the sequence of products of the prefixes. Like, for the permutation a1, a2, ..., an, the prefix products are p1 = a1, p2 = a1*a2, p3 = a1*a2*a3, ..., pn = a1*a2*...*an.

But the problem states that this prefix product sequence should be a permutation of [0, 1, ..., n-1]. Wait, but the prefix products are products of integers starting from 1. Wait, but the problem says the prefix product sequence is a permutation of [0, 1, ..., n-1]. Hmm, but 0 is in there. How can the product be 0? Because if any prefix product is 0, then the entire sequence would have a 0. But the original permutation consists of numbers from 1 to n, so all elements are positive integers. So the product of any prefix would be at least 1 (since all elements are ≥1). So how can the prefix products include 0?

Wait, maybe there's a misunderstanding here. Let me re-read the problem statement.

The problem says: ""n이 주어졌을 때, [1, 2, ..., n]의 순열 중에서 접두사 곱 수열이 [0, 1, ..., n - 1]의 순열이 되는 순열을 찾으세요.""

So the prefix product sequence (the sequence of products of prefixes) should be a permutation of [0, 1, ..., n-1]. But the prefix products are products of numbers from 1 to n, so they are all positive integers. However, the target sequence includes 0. That seems impossible. Wait, but maybe the problem is using modulo arithmetic? Like, the prefix products modulo some number?

Wait, the problem statement says ""접두사 곱 수열"" which translates to ""prefix product sequence"". But in the example input 7 gives a permutation that works. Let's look at the example.

For input 7, the output is:

1
4
3
6
5
2
7

Let's compute the prefix products for this permutation.

First element: 1 → product is 1. The prefix product sequence should be a permutation of [0,1,2,3,4,5,6]. Wait, but the first prefix product is 1, which is in the target sequence (0-6). Wait, but the problem says the prefix product sequence is a permutation of [0,1,...,n-1]. For n=7, that's 0-6.

But the example's prefix products would be:

a1 = 1 → product1 = 1

a2 =4 → product2 = 1*4=4

a3=3 → product3=4*3=12

a4=6 → product4=12*6=72

a5=5 → 72*5=360

a6=2 → 360*2=720

a7=7 → 720*7=5040

But the prefix products here are 1,4,12,72,360,720,5040. None of these are 0, and they are all way larger than n-1=6. So this can't be the case.

Wait, this suggests that the problem might be using modulo n or something else. But the problem statement says ""접두사 곱 수열"" which is the prefix product sequence. Hmm.

Wait, maybe the problem is in a different context. Let me check the example output.

The example input 7 outputs a permutation that works. Let's see the prefix products as per the problem's definition.

Wait, the problem says the prefix product sequence is a permutation of [0,1,...,n-1]. For n=7, the prefix products should be 0,1,2,3,4,5,6 in some order.

But the example's permutation is [1,4,3,6,5,2,7]. Let's compute the prefix products modulo something. Wait, perhaps the problem is using modulo","## Problem Understanding

        Given n, find a permutation of [1..n] such that the prefix product sequence (a1, a1*a2, a1*a2*a3, ..., a1*...*an) is a permutation of [0..n-1]. If no such permutation exists, output NO. If it exists, output YES and the permutation.

        ## Algorithm Selection

        Greedy, Array

        ## Selection Reason

        The prefix product sequence must contain exactly one 0 and the rest 1..n-1. The only way to get a 0 is to have a1 = 0, but 0 is not in [1..n]. Therefore, no permutation can satisfy the condition. This is a direct combinatorial observation, not requiring complex algorithms.

        ## Implementation Plan

        - Read n.
- Output NO because it is impossible to have a prefix product sequence that is a permutation of [0..n-1 when all elements are in [1..n]."
"
마슈모크는 새로운 게임을 시작합니다. 처음에는 k리터의 물과 p개의 동전을 가지고 있습니다. 또한, m개의 정점으로 이루어진 루트 트리(무방향 연결 비순환 그래프)를 가지고 있습니다. 트리의 각 정점에는 처음에는 비어 있는 물탱크가 있습니다.

게임은 마슈모크가 루트를 제외한 물탱크 중 일부(최대 k개)를 선택하여 각각에 정확히 1리터의 물을 붓는 것으로 시작됩니다. 그런 다음, 물탱크에 물이 하나도 남지 않을 때까지 다음 과정을 반복합니다.

* 이 과정은 여러 단계로 구성됩니다.

* 각 단계의 시작 부분에서 마슈모크는 모든 물탱크의 문을 엽니다. 그런 다음, 마슈모크는 해당 단계 동안 일부 물탱크의 문을 닫습니다(루트에 있는 물탱크의 문은 닫을 수 없습니다). 문이 닫힌 물탱크에 남아 있는 물의 양을 w라고 할 때, 마슈모크는 해당 물탱크의 문을 닫는 대가로 w개의 동전을 지불합니다.

* 트리의 정점들을 깊이 순으로 (오름차순으로) 정렬한 리스트를 x1, x2, ..., xm이라고 합시다. 이 리스트의 정점들을 순서대로 하나씩 고려해야 합니다. 먼저 루트 정점인 x1을 비웁니다. 그다음 각 정점 xi (i > 1)에 대해, 문이 닫혀 있으면 해당 정점을 건너뛰고, 문이 닫혀 있으면 정점 xi의 물탱크에 있는 모든 물을 부모 정점의 물탱크로 옮깁니다 (부모 정점의 물탱크가 닫혀 있더라도).

트리가 완전히 비워질 때까지 l번의 이동이 이루어졌다고 가정해 봅시다. i번째 이동 후 루트 정점의 물탱크에 있는 물의 양을 wi라고 하면, 마슈모크는 최대 (w1, w2, ..., wl) 달러를 획득하게 됩니다. 마슈모크는 위 게임을 통해 얻을 수 있는 최대 상금이 얼마인지 알고 싶어 합니다. 그는 당신에게 이 값을 구해달라고 요청했습니다.

입력

첫 번째 줄에는 공백으로 구분된 세 개의 정수 m, k, p가 주어집니다 (2 ≤ m ≤ 10⁵; 0 ≤ k, p ≤ 10⁹).

다음 m-1개의 줄에는 각각 공백으로 구분된 두 개의 정수 ai, bi가 주어집니다 (1 ≤ ai, bi ≤ m; ai ≠ bi). 이들은 트리의 간선입니다.

트리의 정점은 1부터 m까지 번호가 매겨져 있으며, 루트는 1입니다.

출력

마슈모크가 구하라고 한 정수 하나를 출력하세요.

예시

입력

10 2 1
1 2
1 3
3 4
3 5
2 6
6 8
6 7
9 8
8 10

출력

2

입력

5 1000 1000
1 2
1 3
3 4
3 5

출력

4

참고

첫 번째 예시의 트리는 아래 그림과 같습니다. 검정색, 빨간색, 파란색은 각각 0, 1, 2리터의 물이 있는 꼭짓점을 나타냅니다.

<이미지>

최대 금액을 얻는 한 가지 방법은 3번과 4번 꼭짓점에 각각 1리터의 물을 넣는 것입니다. 초기 상태는 아래 그림과 같습니다.

<이미지>

그다음 마슈모크는 첫 번째 수에서 토큰 1개를 지불하여 3번 꼭짓점 물탱크의 문을 닫습니다. 첫 번째 수 후의 트리는 아래 그림과 같습니다.

<이미지>

두 번째 이동 후, 아래 그림과 같이 뿌리에 2리터의 물이 들어 있습니다.

<이미지>","<think>
Okay, let's try to understand this problem step by step. So, the problem is about a game where Markus starts with k liters of water and p coins. He has a rooted tree with m nodes (the root is node 1). Initially, he can pour exactly 1 liter into up to k tanks (excluding the root). Then, the game proceeds in steps where each step involves opening all tank doors, closing some (but not the root's), and then water flows from closed tanks to their parent. The goal is to maximize the minimum amount of water in the root after l steps, where l is the number of steps until all tanks are empty. Wait, no—the problem says that after l moves (steps), the root has some water, and Markus gets the maximum of the first l values (w1, w2, ..., wl). Wait, no: ""i번째 이동 후 루트 정점의 물탱크에 있는 물의 양을 wi라고 하면, 마슈모크는 최대 (w1, w2, ..., wl) 달러를 획득하게 됩니다."" So, after each step i (from 1 to l), the root has wi liters. Then Markus gets the maximum of all these wi's. We need to maximize this maximum value.

Hmm, the key is to figure out how the water flows through the tree and how closing doors affects the water that ends up in the root over time.

First, let's parse the process. The game starts with some initial water poured into up to k tanks (each gets 1 liter). Then, each step:

1. Open all doors (so water can flow).
2. Close some doors (but not the root's).
3. Then, for each node in order (from root to leaves, depth order), if the door is closed, then the water in that node flows to its parent.

Wait, the description says: ""트리의 정점들을 깊이 순으로 (오름차순으로) 정렬한 리스트를 x1, x2, ..., xm이라고 합시다. 이 리스트의 정점들을 순서대로 하나씩 고려해야 합니다. 먼저 루트 정점인 x1을 비웁니다. 그다음 각 정점 xi (i > 1)에 대해, 문이 닫혀 있으면 해당 정점을 건너뛰고, 문이 닫혀 있으면 정점 xi의 물탱크에 있는 모든 물을 부모 정점의 물탱크로 옮깁니다 (부모 정점의 물탱크가 닫혀 있더라도).""

Wait, the process is: in each step, after closing some doors, the nodes are processed in depth order (x1 is root, then others in order). For each node xi (i>1), if its door is closed, then all the water in xi's tank is moved to its parent's tank (even if the parent's door is closed? Wait, the description says ""부모 정점의 물탱크가 닫혀 있더라도"" which means ""even if the parent's tank door is closed"". So, the movement happens regardless of the parent's door status.

But the movement happens in the order of the depth-ordered list. So, the root is x1 (depth 0), then x2, x3, etc. For each node (starting from the root), but the root's door can't be closed. So, for each node in the list (starting from x1), the root is processed first. Wait, the description says: ""먼저 루트 정점인 x1을 비웁니다."" So, the root is emptied first. Wait, that's confusing.

Wait, the process is: in each step, after closing some doors, the nodes are processed in depth order (x1 is root, then others). For each node xi (i>1), if the door is closed, then the water in xi is moved to parent. But the root is x1, and it's emptied first. Wait, the description says: ""먼저 루트 정점인 x1을 비웁니다."" So, the root is emptied first. Then, for each xi (i>1), if the door is closed, move the water to parent.

Wait, maybe the ""비우다"" here means ""empty"" as in the process. Wait, the original says: ""마슈모크는 해당 단계 동안 일부 물탱크의 문을 닫습니다(루트에 있는 물탱크의 문은 닫을 수 없습니다). 문이 닫힌 물탱크에 남아 있는 물의 양을 w라고 할 때, 마슈모크는 해당 물탱크의 문을 닫는 대가로 w개의 동전을 지불합니다.""

So, when you close a door,","## Problem Understanding

        You have a rooted tree with m vertices. Initially, you can pour up to k liters of water into any non-root tank (each gets exactly 1 liter). Then, you can choose to close some non-root tank doors at a cost equal to the amount of water in that tank. After closing, you simulate a depth-first traversal: for each node in order, if its door is closed, you move all water from it to its parent. This process repeats until all tanks are empty. After l moves, the root has some amount w1, w2, ..., wl. The prize is the maximum of these values. Find the maximum prize achievable by choosing where to pour and which doors to close.

        ## Algorithm Selection

        Tree, DFS, Greedy, Binary Search

        ## Selection Reason

        The prize equals the maximum water that ever appears at the root during the process. Water enters the root only from direct children. Closing a door at a node i moves its water to its parent, so the root receives water from a node i only if i is closed and all its descendants are also closed (to prevent water from flowing back). This is a greedy choice: for each node, the contribution to the root is 1 if the node is closed and all its descendants are closed. The total prize is the sum of contributions from nodes that are closed and whose descendants are all closed. This is equivalent to the maximum over all nodes of the number of nodes in its subtree that are closed. Therefore, the problem reduces to: choose a set S of nodes (size ≤ k) to close such that the maximum size of a closed subtree is maximized. This is a tree optimization problem solvable by DFS and greedy selection of subtrees.

        ## Implementation Plan

        1) Build the tree from the input and compute parent-child relationships and subtree sizes. 2) Run a DFS to compute subtree sizes. 3) Use a greedy strategy to select subtrees: repeatedly pick the largest subtree that has not been selected yet and add it to the chosen set, increasing the maximum closed subtree size by 1. Stop when the total number of selected nodes exceeds k. 4) The answer is the maximum closed subtree size achieved. 5) Output that value."
